{
  "feature": {
    "type": "minecraft:random_selector",
    "config": {
      "features": [
        {
          "chance": 0.5,
          "feature": "blooming_biosphere:cherry_grove/trees/small_cherry"
        },
        {
          "chance": 0.4,
          "feature": "blooming_biosphere:cherry_grove/trees/cherry"
        },
        {
          "chance": 0.15,
          "feature": "blooming_biosphere:oak_forest/trees/standard_oak_blob"
        },
        {
          "chance": 0.15,
          "feature": "blooming_biosphere:oak_forest/trees/standard_oak_fancy"
        }
      ],
      "default": "blooming_biosphere:oak_woodland/trees/oak_bush"
    }
  },
  "placement": [
    {
      "type": "minecraft:count",
      "count": {
        "type": "minecraft:weighted_list",
        "distribution": [
          {
            "weight": 9,
            "data": 10
          },
          {
            "weight": 1,
            "data": 11
          }
        ]
      }
    },
    {
      "type": "minecraft:in_square"
    },
    {
      "type": "minecraft:surface_water_depth_filter",
      "max_water_depth": 0
    },
    {
      "type": "minecraft:heightmap",
      "heightmap": "OCEAN_FLOOR"
    },
    {
      "type": "minecraft:biome"
    }
  ]
}
