{
  "feature": {
    "type": "minecraft:random_selector",
    "config": {
      "features": [
        {
          "chance": 0.7,
          "feature": "blooming_biosphere:swamp/trees/swamp_oak"
        },
        {
          "chance": 0.15,
          "feature": {
            "feature": "minecraft:huge_red_mushroom",
            "placement": []
          }
        },
        {
          "chance": 0.15,
          "feature": {
            "feature": "minecraft:huge_brown_mushroom",
            "placement": []
          }
        }
      ],
      "default": "blooming_biosphere:oak_forest/trees/oak_bush"
    }
  },
  "placement": [
    {
      "type": "minecraft:count",
      "count": {
        "type": "minecraft:weighted_list",
        "distribution": [
          {
            "weight": 7,
            "data": 4
          },
          {
            "weight": 5,
            "data": 5
          },
          {
            "weight": 1,
            "data": 3
          }
        ]
      }
    },
    {
      "type": "minecraft:in_square"
    },
    {
      "type": "minecraft:surface_water_depth_filter",
      "max_water_depth": 2
    },
    {
      "type": "minecraft:heightmap",
      "heightmap": "OCEAN_FLOOR"
    },
    {
      "type": "minecraft:biome"
    },
    {
      "type": "minecraft:block_predicate_filter",
      "predicate": {
        "type": "minecraft:would_survive",
        "state": {
          "Name": "minecraft:oak_sapling",
          "Properties": {
            "stage": "0"
          }
        }
      }
    }
  ]
}
