{
  "type": "minecraft:random_patch",
  "config": {
    "feature": {
      "feature": {
        "type": "minecraft:random_selector",
        "config": {
          "features": [
            {
              "chance": 0.96,
              "feature": {
                "feature": {
                  "config": {
                    "to_place": {
                      "type": "minecraft:weighted_state_provider",
                      "entries": [
                        {
                          "weight": 4,
                          "data": {
                            "Name": "minecraft:short_grass"
                          }
                        },
                        {
                          "weight": 1,
                          "data": {
                            "Name": "minecraft:dead_bush"
                          }
                        }
                      ]
                    }
                  },
                  "type": "minecraft:simple_block"
                },
                "placement": []
              }
            }
          ],
          "default": {
            "feature": "blooming_biosphere:oak_forest/trees/fallen_oak",
            "placement": []
          }
        }
      },
      "placement": [
        {
          "type": "minecraft:block_predicate_filter",
          "predicate": {
            "type": "minecraft:matching_blocks",
            "blocks": "minecraft:air"
          }
        }
      ]
    },
    "tries": 32,
    "xz_spread": 8,
    "y_spread": 3
  }
}