{
  "type": "minecraft:simple_random_selector",
  "config": {
    "features": [
      {
        "feature": {
          "type": "minecraft:netherrack_replace_blobs",
          "config": {
            "state": {
              "Name": "minecraft:sandstone"
            },
            "target": {
              "Name": "minecraft:terracotta"
            },
            "radius": {
              "type": "minecraft:uniform",
                "min_inclusive": 7,
                "max_inclusive": 12
              
            }
          }
        },
        "placement": []
      },
      {
        "feature": {
          "type": "minecraft:netherrack_replace_blobs",
          "config": {
            "state": {
              "Name": "minecraft:light_gray_terracotta"
            },
            "target": {
              "Name": "minecraft:red_terracotta"
            },
            "radius": {
              "type": "minecraft:uniform",
                "min_inclusive": 7,
                "max_inclusive": 12
            }
          }
        },
        "placement": []
      },
      {
        "feature": {
          "type": "minecraft:netherrack_replace_blobs",
          "config": {
            "state": {
              "Name": "minecraft:light_gray_terracotta"
            },
            "target": {
              "Name": "minecraft:orange_terracotta"
            },
            "radius": {
              "type": "minecraft:uniform",
                "min_inclusive": 7,
                "max_inclusive": 12
            }
          }
        },
        "placement": []
      },
      {
        "feature": {
          "type": "minecraft:netherrack_replace_blobs",
          "config": {
            "state": {
              "Name": "minecraft:terracotta"
            },
            "target": {
              "Name": "minecraft:brown_terracotta"
            },
            "radius": {
              "type": "minecraft:uniform",
                "min_inclusive": 7,
                "max_inclusive": 12
            }
          }
        },
        "placement": []
      },
      {
        "feature": {
          "type": "minecraft:netherrack_replace_blobs",
          "config": {
            "state": {
              "Name": "minecraft:white_terracotta"
            },
            "target": {
              "Name": "minecraft:yellow_terracotta"
            },
            "radius": {
              "type": "minecraft:uniform",
                "min_inclusive": 7,
                "max_inclusive": 12
            }
          }
        },
        "placement": []
      }
    ]
  }
}
