{
  "feature": "blooming_biosphere:oak_forest/stone_rock",
  "placement": [
    {
      "type": "minecraft:count",
      "count": 1
    },
    {
      "type": "minecraft:in_square"
    },
    {
      "type": "minecraft:heightmap",
      "heightmap": "MOTION_BLOCKING"
    },
    {
      "type": "minecraft:biome"
    },
    {
      "type": "minecraft:block_predicate_filter",
      "predicate": {
        "type": "not",
        "predicate": {
        "type": "minecraft:any_of",
        "predicates": [
          {
            "type": "minecraft:matching_blocks",
            "offset": [
              0,
              -1,
              0
            ],
            "blocks": "#blooming_biosphere:permeable"
          },
          {
            "type": "minecraft:matching_blocks",
            "offset": [
              1,
              -1,
              0
            ],
            "blocks": "#blooming_biosphere:permeable"
          },
          {
            "type": "minecraft:matching_blocks",
            "offset": [
              -1,
              -1,
              0
            ],
            "blocks": "#blooming_biosphere:permeable"
          },
          {
            "type": "minecraft:matching_blocks",
            "offset": [
              0,
              -1,
              1
            ],
            "blocks": "#blooming_biosphere:permeable"
          },
          {
            "type": "minecraft:matching_blocks",
            "offset": [
              0,
              -1,
              -1
            ],
            "blocks": "#blooming_biosphere:permeable"
          }
          
         
        ]
      }}
    },
    {"type": "random_offset",
  "xz_spread": 0,
"y_spread": -1}
  ]
}
