{
  "feature": {
    "type": "minecraft:random_selector",
    "config": {
      "features": [
        {
          "chance": 0.7,
          "feature": "blooming_biosphere:mangrove_swamp/trees/mini_mangrove"
        },
        {
          "chance": 0.3,
          "feature": "blooming_biosphere:mangrove_swamp/trees/mangrove"
        },
        {
          "chance": 0.04,
          "feature": "blooming_biosphere:mangrove_swamp/trees/mangrove_land"
        },
        {
          "chance": 0.23,
          "feature": "blooming_biosphere:swamp/trees/swamp_oak"
        }
      ],
      "default": "blooming_biosphere:swamp/trees/swamp_oak"
    }
  },
  "placement": [
    {
      "type": "minecraft:count",
      "count": {
        "type": "minecraft:weighted_list",
        "distribution": [
          {
            "weight": 1,
            "data": 12
          },
          {
            "weight": 4,
            "data": 25
          }
        ]
      }
    },
    {
      "type": "minecraft:in_square"
    },
    {
      "type": "minecraft:heightmap",
      "heightmap": "OCEAN_FLOOR"
    },
    {
      "type": "minecraft:biome"
    },
    {
      "type": "minecraft:block_predicate_filter",
      "predicate": {
        "type": "minecraft:would_survive",
        "state": {
          "Name": "minecraft:mangrove_propagule",
          "Properties": {
            "stage": "0"
          }
        }
      }
    }
  ]
}