{
  "feature": "blooming_biosphere:cliff/floating",
  "placement": [
    {
      "type": "minecraft:count",
      "count": 8
    },
    {
      "type": "minecraft:in_square"
    },
    {
      "type": "minecraft:heightmap",
      "heightmap": "WORLD_SURFACE_WG"
    },
    {
      "type": "minecraft:block_predicate_filter",
      "predicate": {
        "type": "minecraft:all_of",
        "predicates": [
          {
            "type": "minecraft:matching_blocks",
            "offset": [
              0,
              -1,
              0
            ],
            "blocks": "#blooming_biosphere:cliff_ground"
          },
          {
            "type": "any_of",
            "predicates": [
              {
                "type": "minecraft:all_of",
                "predicates": [
                  {
                    "type": "minecraft:matching_blocks",
                    "offset": [
                      4,
                      -7,
                      0
                    ],
                    "blocks": "air"
                  },
                  {
                    "type": "minecraft:matching_blocks",
                    "offset": [
                      0,
                      -7,
                      4
                    ],
                    "blocks": "air"
                  },
                  {
                    "type": "minecraft:matching_blocks",
                    "offset": [
                      -4,
                      -7,
                      0
                    ],
                    "blocks": "air"
                  },
                  {
                    "type": "minecraft:matching_blocks",
                    "offset": [
                      0,
                      -7,
                      -4
                    ],
                    "blocks": "air"
                  },
                  {
                    "type": "minecraft:matching_blocks",
                    "offset": [
                      4,
                      -7,
                      4
                    ],
                    "blocks": "air"
                  },
                  {
                    "type": "minecraft:matching_blocks",
                    "offset": [
                      -4,
                      -7,
                      4
                    ],
                    "blocks": "air"
                  },
                  {
                    "type": "minecraft:matching_blocks",
                    "offset": [
                      4,
                      -7,
                      -4
                    ],
                    "blocks": "air"
                  },
                  {
                    "type": "minecraft:matching_blocks",
                    "offset": [
                      -4,
                      -7,
                      -4
                    ],
                    "blocks": "air"
                  }
                ]
              }
            ]
          }
         
        ]
      }
    }
  ]
}