{
  "feature": "blooming_biosphere:cliff/lower",
  "placement": [
    {
      "type": "minecraft:noise_based_count",
      "noise_to_count_ratio": 1,
      "noise_factor": 60,
      "noise_offset": 0.8
    },
    {
      "type": "minecraft:random_offset",
      "xz_spread": 7,
      "y_spread": 0
    },
    {
      "type": "minecraft:heightmap",
      "heightmap": "WORLD_SURFACE_WG"
    },
    {
      "type": "minecraft:block_predicate_filter",
      "predicate": {
        "type": "minecraft:all_of",
        "predicates": [
          {
            "type": "minecraft:matching_blocks",
            "offset": [
              0,
              -1,
              0
            ],
            "blocks": "#blooming_biosphere:cliff_ground"
          }
        ]
      }
    }
  ]
}