{
  "feature": "blooming_biosphere:mangrove_swamp/trees/mangrove",
  "placement": [
    {
      "type": "minecraft:block_predicate_filter",
      "predicate": {
        "type": "minecraft:matching_blocks",
        "offset": [
          0,
          0,
          0
        ],
        "blocks": "minecraft:water"
      }
    },
    {
      "type": "minecraft:surface_water_depth_filter",
      "max_water_depth": 6
    },
    {
      "type": "minecraft:block_predicate_filter",
      "predicate": {
        "type": "minecraft:would_survive",
        "state": {
          "Name": "mangrove_propagule"
        }
      }
    }
  ]
}
