{
  "feature": {
    "type": "minecraft:random_selector",
    "config": {
      "features": [
        
        {
          "chance": 0.8,
          "feature": "blooming_biosphere:taiga/trees/spruce"
        },
        {
          "chance": 0.44,
          "feature": "blooming_biosphere:oak_forest/trees/standard_oak_blob"
        },
        {
          "chance": 0.44,
          "feature": "blooming_biosphere:oak_forest/trees/standard_oak_fancy"
        },
        {
          "chance": 0.25,
          "feature": "blooming_biosphere:taiga/trees/fallen_spruce"
        },
        {
          "chance": 0.25,
          "feature": "blooming_biosphere:oak_forest/trees/fallen_oak"
        }
      ],
      "default": "blooming_biosphere:chaparral/trees/oak_bush"
    }
  },
  "placement": [
    {
      "type": "minecraft:count",
      "count": {
        "type": "minecraft:weighted_list",
        "distribution": [
          {
            "weight": 5,
            "data": 4
          },
          {
            "weight": 1,
            "data": 7
          }
        ]
      }
    },
    {
      "type": "minecraft:in_square"
    },
    {
      "type": "minecraft:surface_water_depth_filter",
      "max_water_depth": 0
    },
    {
      "type": "minecraft:heightmap",
      "heightmap": "OCEAN_FLOOR"
    },
    {
      "type": "minecraft:biome"
    }
  ]
}
