{
  "type": "minecraft:vegetation_patch",
  "config": {
    "surface": "floor",
    "depth": 1,
    "vertical_range": 100,
    "extra_bottom_block_chance": 0,
    "extra_edge_column_chance": 0,
    "vegetation_chance": 1,
    "xz_radius": 8,
    "replaceable": "#blooming_biosphere:cliff_ground",
    "ground_state": {
      "type": "minecraft:simple_state_provider",
      "state": {
        "Name": "minecraft:stone"
      }
    },
    "vegetation_feature": {
      "feature": "blooming_biosphere:cliff/column/stone",
      "placement": [
        {
          "type": "minecraft:random_offset",
          "xz_spread": 0,
          "y_spread": -1
        }
        
      ]
    }
  }
}
