{
  "type": "minecraft:vegetation_patch",
  "config": {
    "surface": "floor",
    "depth": 1,
    "vertical_range": 100,
    "extra_bottom_block_chance": 0,
    "extra_edge_column_chance": 0,
    "vegetation_chance": 1,
    "xz_radius": 15,
    "replaceable": "#blooming_biosphere:empty",
    "ground_state": {
      "type": "minecraft:simple_state_provider",
      "state": {
        "Name": "minecraft:grass_block",
        "Properties": {
          "snowy": "false"
        }
      }
    },
    "vegetation_feature": {
      "feature": "blooming_biosphere:cliff/column/stone",
      "placement": [
        {
          "type": "minecraft:random_offset",
          "xz_spread": 0,
          "y_spread": -1
        },
        {
          "type": "minecraft:block_predicate_filter",
          "predicate": {
            "type": "minecraft:all_of",
            "predicates": [
              {
                "type": "minecraft:matching_blocks",
                "offset": [
                  0,
                  0,
                  0
                ],
                "blocks": "#blooming_biosphere:cliff_ground"
              },
              {
                "type": "minecraft:any_of",
                "predicates": [
                  {
                    "type": "minecraft:matching_blocks",
                    "offset": [
                      1,
                      3,
                      0
                    ],
                    "blocks": "#blooming_biosphere:cliff_ground"
                      
                    
                  },
                  {
                    "type": "minecraft:matching_blocks",
                    "offset": [
                      0,
                      3,
                      1
                    ],
                    "blocks": "#blooming_biosphere:cliff_ground"
                      
                    
                  },
                  {
                    "type": "minecraft:matching_blocks",
                    "offset": [
                      -1,
                      3,
                      0
                    ],
                    "blocks": "#blooming_biosphere:cliff_ground"
                      
                    
                  },
                  {
                    "type": "minecraft:matching_blocks",
                    "offset": [
                      0,
                      3,
                      -1
                    ],
                    "blocks": "#blooming_biosphere:cliff_ground"
                      
                    
                  },
                  {
                    "type": "minecraft:matching_blocks",
                    "offset": [
                      1,
                      3,
                      1
                    ],
                    "blocks": "#blooming_biosphere:cliff_ground"
                      
                    
                  },
                  {
                    "type": "minecraft:matching_blocks",
                    "offset": [
                      -1,
                      3,
                      1
                    ],
                    "blocks": "#blooming_biosphere:cliff_ground"
                      
                    
                  },
                  {
                    "type": "minecraft:matching_blocks",
                    "offset": [
                      1,
                      3,
                      -1
                    ],
                    "blocks": "#blooming_biosphere:cliff_ground"
                      
                    
                  },
                  {
                    "type": "minecraft:matching_blocks",
                    "offset": [
                      -1,
                      3,
                      -1
                    ],
                    "blocks": "#blooming_biosphere:cliff_ground"
                      
                    
                  }
                ]
              }
            ]
          }
        }
      ]
    }
  }
}
