{
    "type": "minecraft:random_patch",
    "config": {
      "tries": 48,
      "xz_spread": 0,
      "y_spread": 0,
      "feature": {
        "feature": {
          "config": {
            "features": [
              {
                "chance": 0.8,
                "feature": {
                  "feature": "blooming_biosphere:flower_forest/cherry_tree",
                  "placement": [
                    
                    {
                      "type": "minecraft:block_predicate_filter",
                      "predicate": {
                          "type": "minecraft:matching_blocks",
                          "blocks": "#blooming_biosphere:permeable"
                        }
                    }
                  ]
                }
              }
            ],
            "default": {
              "feature": "blooming_biosphere:flower_forest/flower_cherry",
              "placement": [
                
                {
                  "type": "minecraft:block_predicate_filter",
                  "predicate": {
                    "type": "minecraft:not",
                    "predicate": {
                      "type": "minecraft:any_of",
                      "predicates": [
                        {
                                "type": "matching_blocks",
                                "blocks": "pink_petals"
                            
                        },
                        {
                          "type": "minecraft:matching_blocks",
                          "offset": [
                            0,
                            0,
                            3
                          ],
                          "blocks": "minecraft:pink_petals"
                        },
                        {
                            "type": "minecraft:matching_blocks",
                            "offset": [
                              0,
                              0,
                              -3
                            ],
                            "blocks": "minecraft:pink_petals"
                          },
                          {
                            "type": "minecraft:matching_blocks",
                            "offset": [
                              3,
                              0,
                              0
                            ],
                            "blocks": "minecraft:pink_petals"
                          },
                          {
                            "type": "minecraft:matching_blocks",
                            "offset": [
                              -3,
                              0,
                              0
                            ],
                            "blocks": "minecraft:pink_petals"
                          },
                          {
                            "type": "minecraft:matching_blocks",
                            "offset": [
                              0,
                              0,
                              1
                            ],
                            "blocks": "minecraft:pink_petals"
                          },
                          {
                              "type": "minecraft:matching_blocks",
                              "offset": [
                                0,
                                0,
                                -1
                              ],
                              "blocks": "minecraft:pink_petals"
                            },
                            {
                              "type": "minecraft:matching_blocks",
                              "offset": [
                                1,
                                0,
                                0
                              ],
                              "blocks": "minecraft:pink_petals"
                            },
                            {
                              "type": "minecraft:matching_blocks",
                              "offset": [
                                -1,
                                0,
                                0
                              ],
                              "blocks": "minecraft:pink_petals"
                            }
                      ]
                    }
                  }
                }
              ]
            }
          },
          "type": "minecraft:random_selector"
        },
        "placement": []
      }
    }
  }