{
  "feature": {
    "type": "minecraft:random_selector",
    "config": {
      "features": [
        {
          "chance": 0.35,
          "feature": "blooming_biosphere:oak_forest/trees/tall_oak_placer"
        },
        {
          "chance": 0.6,
          "feature": "blooming_biosphere:oak_forest/trees/standard_oak_placer"
        },
        {
          "chance": 0.35,
          "feature": "blooming_biosphere:flower_forest/cherry_tree_stack"
        },
        {
          "chance": 0.35,
          "feature": "blooming_biosphere:oak_forest/trees/standard_birch"
        },
        {
          "chance": 0.7,
          "feature": "blooming_biosphere:oak_forest/trees/fallen_oak"
        },
        {
          "chance": 0.2,
          "feature": "blooming_biosphere:birch_forest/trees/fallen_birch"
        },
        {
          "chance": 0.7,
          "feature": "blooming_biosphere:oak_forest/trees/oak_bush"
        },
        {
          "chance": 0.5,
          "feature": "blooming_biosphere:oak_forest/trees/fancy_oak"
        }
      ],
      "default": "blooming_biosphere:oak_forest/trees/oak_bush"
    }
  },
  "placement": [
    {
      "type": "minecraft:count",
      "count": {
        "type": "minecraft:weighted_list",
        "distribution": [
          {
            "weight": 5,
            "data": 10
          },
          {
            "weight": 1,
            "data": 6
          }
        ]
      }
    },
    {
      "type": "minecraft:in_square"
    },
    {
      "type": "minecraft:surface_water_depth_filter",
      "max_water_depth": 0
    },
    {
      "type": "minecraft:heightmap",
      "heightmap": "OCEAN_FLOOR"
    },
    {
      "type": "minecraft:biome"
    },
    {
      "type": "minecraft:block_predicate_filter",
      "predicate": {
        "type": "minecraft:would_survive",
        "state": {
          "Name": "minecraft:oak_sapling",
          "Properties": {
            "stage": "0"
          }
        }
      }
    }
  ]
}
