{
  "type": "minecraft:block_column",
  "config": {
    "direction": "down",
    "allowed_placement": {
      "type": "minecraft:all_of",
      "predicates": [
        {
          "type": "minecraft:matching_blocks",
          "offset": [
            0,
            1,
            0
          ],
          "blocks": "#blooming_biosphere:cliff_ground"
        }
       
      ]
    },
    "prioritize_tip": false,
    "layers": [
      {
        "height": 7,
        "provider": {
          "type": "minecraft:simple_state_provider",
          "state": {
            "Name": "minecraft:stone"
          }
        }
      }
    ]
  }
}