{
  "feature": "minecraft:flower_flower_forest",
  "placement": [
    {
      "type": "minecraft:count",
      "count": {
        "type": "minecraft:weighted_list",
        "distribution": [
          {
            "weight": 2,
            "data": 4
          },
          {
            "weight": 2,
            "data": 3
          },
          {
            "weight": 1,
            "data": 2
          }
        ]
      }
    },
    {
      "type": "minecraft:rarity_filter",
      "chance": 1
    },
    {
      "type": "minecraft:in_square"
    },
    {
      "type": "minecraft:heightmap",
      "heightmap": "MOTION_BLOCKING"
    },
    {
      "type": "minecraft:biome"
    }
  ]
}