{
  "type": "minecraft:random_patch",
  "config": {
    "tries": 20,
    "xz_spread": 9,
    "y_spread": 2,
    "feature": {
      "feature": {
        "config": {
          "to_place": {
            "type": "minecraft:weighted_state_provider",
            "entries": [
              {
                "weight": 1,
                "data": {
                  "Name": "minecraft:sea_pickle",
                  "Properties": {
                    "pickles": "2",
                    "waterlogged": "true"
                  }
                }
              },
              {
                "weight": 4,
                "data": {
                  "Name": "minecraft:sea_pickle",
                  "Properties": {
                    "pickles": "1",
                    "waterlogged": "true"
                  }
                }
              }
            ]
          }
        },
        "type": "minecraft:simple_block"
      },
      "placement": [
        {
          "type": "minecraft:block_predicate_filter",
          "predicate": {
            "type": "minecraft:matching_blocks",
            "blocks": "water"
          }
        }
      ]
    }
  }
}